run_id,winner,attack_success,detected,false_positive,total_turns,detection_turn,containment_turn,final_suspicion,final_evidence
1,Defender,False,True,False,5,4,5,0.581,0.84
2,Defender,False,True,False,5,4,5,0.615,0.886
3,Defender,False,True,False,5,4,5,0.573,0.82
4,Attacker,True,False,False,5,,,0.907,0.405
5,Defender,False,True,False,5,4,5,0.626,0.911
6,Defender,False,True,False,5,4,5,0.613,0.857
7,Defender,False,True,False,5,4,5,0.663,0.908
8,Defender,False,True,False,5,4,5,0.629,0.876
9,Defender,False,True,False,5,4,5,0.613,0.826
10,Defender,False,True,False,5,4,5,0.652,0.883
11,Defender,False,True,False,5,4,5,0.627,0.865
12,Defender,False,True,False,5,4,5,0.623,0.894
13,Defender,False,True,False,5,4,5,0.615,0.901
14,Defender,False,True,False,5,4,5,0.62,0.873
15,Defender,False,True,False,5,4,5,0.546,0.816
16,Defender,False,True,False,5,4,5,0.671,0.966
17,Defender,False,True,False,5,4,5,0.635,0.917
18,Defender,False,True,False,5,4,5,0.531,0.797
19,Defender,False,True,False,5,4,5,0.623,0.843
20,Defender,False,True,False,5,4,5,0.607,0.899
21,Defender,False,True,False,5,4,5,0.639,0.914
22,Defender,False,True,False,5,4,5,0.674,0.937
23,Defender,False,True,False,5,4,5,0.634,0.952
24,Defender,False,True,False,5,4,5,0.624,0.914
25,Defender,False,True,False,5,4,5,0.658,0.961
26,Defender,False,True,False,5,4,5,0.599,0.828
27,Defender,False,True,False,5,4,5,0.62,0.901
28,Defender,False,True,False,5,4,5,0.61,0.928
29,Defender,False,True,False,5,4,5,0.583,0.831
30,Defender,False,True,False,5,4,5,0.555,0.842
31,Defender,False,True,False,5,4,5,0.584,0.903
32,Defender,False,True,False,5,4,5,0.629,0.936
33,Defender,False,True,False,5,4,5,0.63,0.949
34,Defender,False,True,False,5,4,5,0.632,0.896
35,Attacker,True,False,False,5,,,0.952,0.416
36,Defender,False,True,False,5,4,5,0.662,0.948
37,Defender,False,True,False,5,4,5,0.547,0.811
38,Defender,False,True,False,5,4,5,0.605,0.873
39,Defender,False,True,False,5,4,5,0.601,0.84
40,Defender,False,True,False,5,4,5,0.654,0.966
41,Defender,False,True,False,5,4,5,0.574,0.873
42,Defender,False,True,False,5,4,5,0.598,0.884
43,Defender,False,True,False,5,4,5,0.567,0.855
44,Defender,False,True,False,5,4,5,0.578,0.867
45,Defender,False,True,False,5,4,5,0.669,0.922
46,Defender,False,True,False,5,4,5,0.669,0.912
47,Defender,False,True,False,5,4,5,0.618,0.913
48,Defender,False,True,False,5,4,5,0.626,0.886
49,Defender,False,True,False,5,4,5,0.67,0.952
50,Defender,False,True,False,5,4,5,0.595,0.854
51,Defender,False,True,False,5,4,5,0.557,0.815
52,Defender,False,True,False,5,4,5,0.612,0.908
53,Defender,False,True,False,5,4,5,0.612,0.904
54,Defender,False,True,False,5,4,5,0.593,0.885
55,Defender,False,True,False,5,4,5,0.595,0.845
56,Defender,False,True,False,5,4,5,0.598,0.874
57,Defender,False,True,False,5,4,5,0.63,0.874
58,Defender,False,True,False,5,4,5,0.632,0.925
59,Defender,False,True,False,5,4,5,0.628,0.874
60,Defender,False,True,False,5,4,5,0.574,0.859
61,Defender,False,True,False,5,4,5,0.596,0.859
62,Defender,False,True,False,5,4,5,0.572,0.818
63,Defender,False,True,False,5,4,5,0.605,0.845
64,Defender,False,True,False,5,4,5,0.594,0.865
65,Defender,False,True,False,5,4,5,0.635,0.934
66,Defender,False,True,False,5,4,5,0.647,0.86
67,Defender,False,True,False,5,4,5,0.605,0.878
68,Attacker,True,False,False,5,,,0.896,0.403
69,Defender,False,True,False,5,4,5,0.646,0.943
70,Defender,False,True,False,5,4,5,0.592,0.864
71,Defender,False,True,False,5,4,5,0.574,0.878
72,Defender,False,True,False,5,4,5,0.642,0.886
73,Defender,False,True,False,5,4,5,0.64,0.969
74,Defender,False,True,False,5,4,5,0.602,0.914
75,Defender,False,True,False,5,4,5,0.531,0.84
76,Defender,False,True,False,5,4,5,0.598,0.893
77,Defender,False,True,False,5,4,5,0.652,0.941
78,Attacker,True,False,False,5,,,0.946,0.414
79,Defender,False,True,False,5,4,5,0.578,0.887
80,Attacker,True,False,False,5,,,0.899,0.406
81,Defender,False,True,False,5,4,5,0.573,0.85
82,Defender,False,True,False,5,4,5,0.595,0.836
83,Defender,False,True,False,5,4,5,0.611,0.913
84,Defender,False,True,False,5,4,5,0.573,0.845
85,Defender,False,True,False,5,4,5,0.57,0.853
86,Defender,False,True,False,5,4,5,0.661,0.957
87,Defender,False,True,False,5,4,5,0.629,0.854
88,Defender,False,True,False,5,4,5,0.639,0.932
89,Defender,False,True,False,5,4,5,0.594,0.848
90,Defender,False,True,False,5,4,5,0.586,0.844
91,Defender,False,True,False,5,4,5,0.618,0.886
92,Defender,False,True,False,5,4,5,0.605,0.862
93,Defender,False,True,False,5,4,5,0.613,0.874
94,Defender,False,True,False,5,4,5,0.686,0.941
95,Defender,False,True,False,5,4,5,0.581,0.835
96,Defender,False,True,False,5,4,5,0.672,0.938
97,Defender,False,True,False,5,4,5,0.648,0.943
98,Defender,False,True,False,5,4,5,0.63,0.866
99,Defender,False,True,False,5,4,5,0.564,0.837
100,Attacker,True,False,False,5,,,0.935,0.431
